t [years],x [hares],y [lynx]
1900.021885,29.65888689,4.147217235
1901.022713,46.49910233,6.157989228
1901.980299,70.37701975,9.551166966
1902.983181,76.91202873,35.18850987
1904.037244,36.57091562,59.06642729
1905.030761,20.10771993,42.22621185
1906.007527,17.71992819,19.60502693
1906.983091,21.36445242,12.56732496
1907.959256,21.99281867,8.29443447
1908.962814,25.13464991,9.299820467
1910.022285,27.6481149,7.666068223
1910.968077,40.71813285,7.791741472
1911.996925,56.92998205,12.19030521
1912.983131,77.16337522,19.10233393
1913.978351,52.15439856,45.61938959
1915.016889,19.73070018,50.77199282
1916.008954,10.55655296,29.28186715
1917.013739,7.540394973,16.33752244
1917.974755,14.2010772,10.05385996
1919.020405,16.08617594,10.05385996
1920.008839,25.13464991,8.545780969